SteamID,RGL Sixes Division, RGL Highlander Division, RGL Prolander Division
76561198413604994,1,1,1
76561198856538058,1,5,1
76561198357313490,1,1,1
76561198294278902,1,2,1
76561198385624950,1,3,1
76561198303081758,1,1,1
76561199134462656,1,2,1
76561198885528098,5,1,1
76561198970759258,1,1,1
76561198374236066,2,3,1
76561198346478792,7,1,1
